,SRM,Title,Certificate Date,Link to pdf,Comment
0,SRM 1486,Bone Meal,1992-12-18,https://www-s.nist.gov/srmors/certificates/view_certPDF.cfm?certificate=1486,
1,SRM 1492,Chlorinated Pesticides in Hexane,2008-01-25,https://www-s.nist.gov/srmors/certificates/view_certPDF.cfm?certificate=1492,
2,SRM 1566b,Oyster Tissue,2011-02-07,https://www-s.nist.gov/srmors/certificates/view_certPDF.cfm?certificate=1566b,
3,SRM 1568b,Rice Flour,2013-10-23,https://www-s.nist.gov/srmors/certificates/view_certPDF.cfm?certificate=1568b,
4,SRM 1573a,Tomato Leaves,1995-11-22,https://www-s.nist.gov/srmors/certificates/view_certPDF.cfm?certificate=1573a,
5,SRM 1577c,Bovine Liver,2009-06-15,https://www-s.nist.gov/srmors/certificates/view_certPDF.cfm?certificate=1577c,
6,SRM 1598a,Inorganic Constituents in Animal Serum,2008-08-25,https://www-s.nist.gov/srmors/certificates/view_certPDF.cfm?certificate=1598a,
7,SRM 1641e,Mercury in Water,2014-12-11,https://www-s.nist.gov/srmors/certificates/view_certPDF.cfm?certificate=1641e,
8,SRM 1649b,Urban Dust,2009-02-23,https://www-s.nist.gov/srmors/certificates/view_certPDF.cfm?certificate=1649b,
9,SRM 1939a,Polychlorinated Biphenyls (Congeners) in River Sediment A,2008-09-30,https://www-s.nist.gov/srmors/certificates/view_certPDF.cfm?certificate=1939a,
10,SRM 1941b,Organics in Marine Sediment,2015-01-16,https://www-s.nist.gov/srmors/certificates/view_certPDF.cfm?certificate=1941b,
11,SRM 1944,New York/New Jersey Waterway Sediment,2011-09-27,https://www-s.nist.gov/srmors/certificates/view_certPDF.cfm?certificate=1944,
12,SRM 1945,Organics in Whale Blubber,2007-12-06,https://www-s.nist.gov/srmors/certificates/view_certPDF.cfm?certificate=1945,
13,SRM 1946,Lake Superior Fish Tissue,2014-10-28,https://www-s.nist.gov/srmors/certificates/view_certPDF.cfm?certificate=1946,
14,SRM 1947,Lake Michigan Fish Tissue,2014-08-25,https://www-s.nist.gov/srmors/certificates/view_certPDF.cfm?certificate=1947,
15,SRM 1950,Metabolites in Human Plasma,2012-11-07,https://www-s.nist.gov/srmors/certificates/view_certPDF.cfm?certificate=1950,
16,SRM 1953,Organic Contaminants in Non-Fortified Human Milk,2009-06-04,https://www-s.nist.gov/srmors/certificates/view_certPDF.cfm?certificate=1953,
17,SRM 1954,Organic Contaminants in Fortified Human Milk,2009-06-04,https://www-s.nist.gov/srmors/certificates/view_certPDF.cfm?certificate=1954,
18,SRM 1957,Organic Contaminants in Non-Fortified Human Serum,2014-12-29,https://www-s.nist.gov/srmors/certificates/view_certPDF.cfm?certificate=1957,
19,SRM 1958,Organic Contaminants in Fortified Human Serum,2014-12-29,https://www-s.nist.gov/srmors/certificates/view_certPDF.cfm?certificate=1958,
20,SRM 1974c,"Organics in Mussel Tissue, (Mytilus edulis)",2012-09-18,https://www-s.nist.gov/srmors/certificates/view_certPDF.cfm?certificate=1974c,
21,SRM 2257,"PBDE Congeners in 2,2,4-Trimethylpentane",2008-09-30,https://www-s.nist.gov/srmors/certificates/view_certPDF.cfm?certificate=2257,
22,SRM 2259,"PCB Congeners in 2,2,4-Trimethylpentane",2009-04-08,https://www-s.nist.gov/srmors/certificates/view_certPDF.cfm?certificate=2259,
23,SRM 2261,Chlorinated Pesticides in Hexane,2012-02-13,https://www-s.nist.gov/srmors/certificates/view_certPDF.cfm?certificate=2261,
24,SRM 2262,Chlorinated Biphenyl Cogeners in Isooctane,2008-03-31,https://www-s.nist.gov/srmors/certificates/view_certPDF.cfm?certificate=2262,
25,SRM 2269,Perdeuterated PAH-I Solution in Hexane/Toluene,2009-11-06,https://www-s.nist.gov/srmors/certificates/view_certPDF.cfm?certificate=2269,
26,SRM 2270,Perdeuterated PAH-II Solution in Hexane/Toluene,2009-11-06,https://www-s.nist.gov/srmors/certificates/view_certPDF.cfm?certificate=2270,
27,SRM 2274,PCB Congener Solution-II in Isooctane,2009-11-06,https://www-s.nist.gov/srmors/certificates/view_certPDF.cfm?certificate=2274,
28,SRM 2275,Chlorinated Pesticide Solution-II in Isooctane,2009-11-06,https://www-s.nist.gov/srmors/certificates/view_certPDF.cfm?certificate=2275,
29,SRM 2377,"Fatty Acid Methyl Esters in, 2,2,4-Trimethylpentane",2010-10-06,https://www-s.nist.gov/srmors/certificates/view_certPDF.cfm?certificate=2377,
30,SRM 2584,Trace Elements in Indoor Dust,2010-11-07,https://www-s.nist.gov/srmors/certificates/view_certPDF.cfm?certificate=2584,
31,SRM 2585,Organic Contaminants in House Dust,2014-12-16,https://www-s.nist.gov/srmors/certificates/view_certPDF.cfm?certificate=2585,
32,SRM 2669-1,"Arsenic Species in Frozen Human Urine, Level 1",2013-11-04,https://www-s.nist.gov/srmors/certificates/view_certPDF.cfm?certificate=2669,
33,SRM 2669-2,"Arsenic Species in Frozen Human Urine, Level 2",2013-11-04,https://www-s.nist.gov/srmors/certificates/view_certPDF.cfm?certificate=2669,
34,SRM 2779,Gulf of Mexico Crude Oil,2012-06-04,https://www-s.nist.gov/srmors/certificates/view_certPDF.cfm?certificate=2779,
35,SRM 2781,Domestic Sludge,1996-10-25,https://www-s.nist.gov/srmors/certificates/view_certPDF.cfm?certificate=2781,
36,SRM 2787,Fine Particulate Matter ( <10 µm),2013-08-13,https://www-s.nist.gov/srmors/certificates/view_certPDF.cfm?certificate=2787,PAH Reference Values are for PFE using 100 °C
37,SRM 2974a,Organics in Freeze-Dried Mussel Tissue (Mytilus edulis),2010-05-07,https://www-s.nist.gov/srmors/certificates/view_certPDF.cfm?certificate=2974a,
38,SRM 2977,Mussel Tissue (Organic Contaminants and Trace Elements),2008-09-12,https://www-s.nist.gov/srmors/certificates/view_certPDF.cfm?certificate=2977,
39,SRM 3103a,Arsenic (As) Standard Solution,2011-06-01,https://www-s.nist.gov/srmors/certificates/view_certPDF.cfm?certificate=3103a,
40,SRM 3105a,Beryllium (Be) Standard Solution,2011-05-23,https://www-s.nist.gov/srmors/certificates/view_certPDF.cfm?certificate=3105a,
41,SRM 3106,Bismuth (Bi) Standard Solution,2012-02-03,https://www-s.nist.gov/srmors/certificates/view_certPDF.cfm?certificate=3106,
42,SRM 3107,Boron (B) Standard Solution,2012-05-16,https://www-s.nist.gov/srmors/certificates/view_certPDF.cfm?certificate=3107,
43,SRM 3108,Cadmium (Cd) Standard Solution,2013-04-24,https://www-s.nist.gov/srmors/certificates/view_certPDF.cfm?certificate=3108,
44,SRM 3149,Selenium (Se) Standard Solution,2011-02-04,https://www-s.nist.gov/srmors/certificates/view_certPDF.cfm?certificate=3149,
45,SRM 3167a,Yttrium (Y) Standard Solution,2013-03-14,https://www-s.nist.gov/srmors/certificates/view_certPDF.cfm?certificate=3167a,
46,SRM 3668-1,"Mercury, Perchlorate, and Iodide in Frozen Human Urine, Level 1",2011-11-03,https://www-s.nist.gov/srmors/certificates/view_certPDF.cfm?certificate=3668,
47,SRM 3668-2,"Mercury, Perchlorate, and Iodide in Frozen Human Urine, Level 2",2011-11-03,https://www-s.nist.gov/srmors/certificates/view_certPDF.cfm?certificate=3668,
48,SRM 3672,Organic Contaminants in Smokers’ Urine (Frozen),2014-02-07,https://www-s.nist.gov/srmors/certificates/view_certPDF.cfm?certificate=3672,
49,SRM 3673,Organic Contaminants in Non-Smokers' Urine (Frozen),2014-01-22,https://www-s.nist.gov/srmors/certificates/view_certPDF.cfm?certificate=3673,
50,SRM 909c,Frozen Human Serum,2015-01-28,https://www-s.nist.gov/srmors/certificates/view_certPDF.cfm?certificate=909c,
51,SRM 955c-1,"Toxic Metals in Caprine Blood, Level 1",2010-07-28,https://www-s.nist.gov/srmors/certificates/view_certPDF.cfm?certificate=955,
52,SRM 955c-2,"Toxic Metals in Caprine Blood, Level 2",2010-07-28,https://www-s.nist.gov/srmors/certificates/view_certPDF.cfm?certificate=955,
53,SRM 955c-3,"Toxic Metals in Caprine Blood, Level 3",2010-07-28,https://www-s.nist.gov/srmors/certificates/view_certPDF.cfm?certificate=955,
54,SRM 955c-4,"Toxic Metals in Caprine Blood, Level 4",2010-07-28,https://www-s.nist.gov/srmors/certificates/view_certPDF.cfm?certificate=955,
55,SRM 971F,Hormones in Frozen Human Serum (Female),2015-02-19,https://www-s.nist.gov/srmors/certificates/view_certPDF.cfm?certificate=971,
56,SRM 971M,Hormones in Frozen Human Serum (Male),2015-02-19,https://www-s.nist.gov/srmors/certificates/view_certPDF.cfm?certificate=971,
57,SRM 3067,Toxaphene in Methanol,2010-08-31,https://www-s.nist.gov/srmors/certificates/view_certPDF.cfm?certificate=3067,
58,,,,,
59,,,,,
60,,,,,
61,,,,,
62,,,,,
63,,,,,
64,,,,,
65,,,,,
66,,,,,
67,,,,,
68,,,,,
69,,,,,
70,,,,,
71,,,,,
72,,,,,
73,,,,,
74,,,,,
75,,,,,
76,,,,,
77,,,,,
78,,,,,
79,,,,,
80,,,,,
81,,,,,
82,,,,,
83,,,,,
84,,,,,
85,,,,,
86,,,,,
87,,,,,
88,,,,,
89,,,,,
90,,,,,
91,,,,,
92,,,,,
93,,,,,
94,,,,,
95,,,,,
96,,,,,
97,,,,,
98,Out of Date SRMs (either out of stock and need to be remade or superseeded by another SRM),,,,
99,SRM 1491a,,,,out of stock as of 4/30/15
100,SRM 1589a,,,,superseeded by 1957
101,SRM 3060,,,,not found
102,SRM 1588,,,,out of stock as of 5/4/15
103,SRM 1974b,,,,superseeded by 1974c
104,SRM 2378-1,,,,certificate not found
105,SRM 2378-2,,,,certificate not found
106,SRM 2378-3,,,,certificate not found
107,SRM 2777,,,,certificate not found
108,SRM 3100's,,,,certificate not found
109,SRM 3277,,,,
